<?xml version="1.0" encoding="UTF-8"?><rss version="2.0"
	xmlns:content="http://purl.org/rss/1.0/modules/content/"
	xmlns:wfw="http://wellformedweb.org/CommentAPI/"
	xmlns:dc="http://purl.org/dc/elements/1.1/"
	xmlns:atom="http://www.w3.org/2005/Atom"
	xmlns:sy="http://purl.org/rss/1.0/modules/syndication/"
	xmlns:slash="http://purl.org/rss/1.0/modules/slash/"
	>

<channel>
	<title>東京工科大学学内サイト</title>
	<atom:link href="https://inside.teu.ac.jp/feed/" rel="self" type="application/rss+xml" />
	<link>https://inside.teu.ac.jp</link>
	<description>東京工科大学の学内サイト</description>
	<lastBuildDate>Thu, 08 Mar 2018 09:39:25 +0000</lastBuildDate>
	<language>ja</language>
	<sy:updatePeriod>hourly</sy:updatePeriod>
	<sy:updateFrequency>1</sy:updateFrequency>
	<generator>https://wordpress.org/?v=4.7.9</generator>
	<item>
		<title>重要　工学部　単独　学内合説実施のお知らせ（工学部全学科　現3年生対象）</title>
		<link>https://inside.teu.ac.jp/archives/30065/</link>
		<pubDate>Thu, 08 Mar 2018 09:10:56 +0000</pubDate>
		<dc:creator><![CDATA[加藤健一]]></dc:creator>
				<category><![CDATA[新着情報]]></category>

		<guid isPermaLink="false">https://inside.teu.ac.jp/?p=30065</guid>
		<description><![CDATA[1.研究開発職、研究技術職系の職種を希望している学生へ　  3月12日（月）13：30から15：00  会社名：ディップソール株式会社　説明会 採用職種：「研究開発職、研究技術職」（対象：応用化学科、機械工学科、電子電気...]]></description>
				<content:encoded><![CDATA[<p><span style="color: #ff0000;"><strong>1.研究開発職、研究技術職系の職種を希望している学生へ</strong>　</span></p>
<p style="padding-left: 30px;"><span style="color: #ff0000;"> 3月12日（月）13：30から15：00</span></p>
<p style="padding-left: 30px;"> 会社名：ディップソール株式会社　説明会</p>
<p style="padding-left: 30px;"><span style="color: #ff0000;">採用職種：「研究開発職、研究技術職」（対象：応用化学科、機械工学科、電子電気工学科）:</span></p>
<p style="padding-left: 30px;"> キャリアサポートセンター集合（図書館2階）</p>
<p style="padding-left: 30px;">内容：業界全体に関すること、会社説明、業界研究としてお気軽に参加ください。</p>
<p style="padding-left: 30px;">服装：普段着、持ち物：筆記用具。</p>
<p style="padding-left: 30px;">メールで申込みして下さい：jm-hcqjin@stf.teu.ac.jp</p>
<p>&nbsp;</p>
<p><strong><span style="color: #ff0000;">2.上場大手企業による合同2社　学内説明会（売上高160億円から2947億円の企業）</span></strong></p>
<p style="padding-left: 30px;"><span style="color: #ff0000;"> （対象：応用化学科、機械工学科、電子電気工学科）</span></p>
<p style="padding-left: 30px;"><span style="color: #ff0000;">　3月29日（木）13：30から15：00</span></p>
<p style="padding-left: 30px;"> 1.会社名：株式会社立花エレテック</p>
<p style="padding-left: 30px;">売上高：160億円</p>
<p style="padding-left: 30px;">採用職種：FA系システムの開発・設計など</p>
<p style="padding-left: 30px;"> 2.イオンデライト株式会社</p>
<p style="padding-left: 30px;">売上高：2947億2500万円</p>
<p style="padding-left: 30px;">採用職種：設備管理、他多数</p>
<p style="padding-left: 30px;"> 場所：キャリアサポートセンター集合（図書館2階）</p>
<p style="padding-left: 30px;"> 内容：業界全体に関すること、会社説明、業界研究としてお気軽に参加ください。</p>
<p style="padding-left: 30px;">服装：普段着、持ち物：筆記用具。</p>
<p style="padding-left: 30px;">メールで申込みして下さい：jm-hcqjin@stf.teu.ac.jp</p>
<hr />
<p style="padding-left: 30px;"><span style="font-size: 12pt; color: #ff0000;">3.学内合説の補足資料を作成しましたのでご活用ください。</span></p>
<p style="padding-left: 30px;"><span style="font-size: 12pt; color: #000000;">　学内合同企業セミナーの歩き方　→<a style="color: #000000;" href="https://inside.teu.ac.jp/wp-content/uploads/2018/03/227fda7e7cef2c16a6366852ae951f95.pdf">学内合同企業説明会の歩き方（工学部ver）</a></span></p>
<p style="padding-left: 30px;"><span style="font-size: 12pt; color: #000000;">　学内合同企業セミナーの着目点　→<a style="color: #000000;" href="https://inside.teu.ac.jp/wp-content/uploads/2018/03/02a632f7883ce3d654f93f9462970861.pdf">合説　応化抜粋</a></span></p>
<p style="padding-left: 30px;"><span style="font-size: 12pt; color: #000000;">　3月就職イベントカレンダ　ー　→<a style="color: #000000;" href="https://inside.teu.ac.jp/wp-content/uploads/2018/03/00b802f02eca978081d3f45eddd67ab3.pdf">3月スケジュール表</a></span></p>
<p style="padding-left: 360px;"><span style="font-size: 12pt; color: #000000;">掲載部署：キャリアサポートセンター</span></p>
<p style="padding-left: 360px;"><span style="font-size: 12pt; color: #000000;">掲載日：平成30年3月1日</span></p>
<p style="padding-left: 360px;"><span style="font-size: 12pt; color: #000000;">掲載期限：平成30年3月29日</span></p>
]]></content:encoded>
			</item>
		<item>
		<title>2018年度 TA募集情報一覧</title>
		<link>https://inside.teu.ac.jp/archives/30519/</link>
		<pubDate>Thu, 08 Mar 2018 05:58:29 +0000</pubDate>
		<dc:creator><![CDATA[久保田静]]></dc:creator>
				<category><![CDATA[新着情報]]></category>

		<guid isPermaLink="false">https://inside.teu.ac.jp/?p=30519</guid>
		<description><![CDATA[]]></description>
				<content:encoded><![CDATA[]]></content:encoded>
			</item>
		<item>
		<title>地元を知ろう『Ｕ・Ｊ・Ｉターン』説明・相談会の開催について【全学生対象】</title>
		<link>https://inside.teu.ac.jp/archives/30498/</link>
		<pubDate>Thu, 08 Mar 2018 03:02:28 +0000</pubDate>
		<dc:creator><![CDATA[三好公秀]]></dc:creator>
				<category><![CDATA[新着情報]]></category>

		<guid isPermaLink="false">https://inside.teu.ac.jp/?p=30498</guid>
		<description><![CDATA[地元での就職を希望している皆さん、地元ではないけど働きたい場所がある・・・など、 首都圏以外での就職を希望している皆さん対象に、『Ｕ・Ｊ・Ｉターン』説明・相談会を開催します。 Ｕターン就職、Ｊターン就職、Ｉターン就職、地...]]></description>
				<content:encoded><![CDATA[<p>地元での就職を希望している皆さん、地元ではないけど働きたい場所がある・・・など、</p>
<p>首都圏以外での就職を希望している皆さん対象に、<strong><span style="color: #008080;">『Ｕ・Ｊ・Ｉターン』説明・相談会</span></strong>を開催します。</p>
<p>Ｕターン就職、Ｊターン就職、Ｉターン就職、地元インターンシップなど、各県の就職アドバイザーが</p>
<p>皆さんの質問・疑問にお答えします。</p>
<p>また、全国のＵ・Ｊ・Ｉターン就職情報をサポートする<span style="color: #ff0000; font-family: impact, sans-serif;">ＬＯ活プロジェクト</span>の就職アドバイザーにも</p>
<p>お越しいただく予定です。</p>
<p>皆さん振るって参加してください！　<span style="color: #3366ff;">【事前申し込み不要】</span></p>
<p>&#8212;&#8212;&#8212;&#8212;&#8212;&#8212;&#8212;&#8212;&#8212;&#8212;&#8212;&#8212;&#8212;&#8212;&#8212;&#8212;&#8212;&#8212;&#8212;&#8212;&#8212;&#8212;&#8212;&#8212;</p>
<p>・開催日：平成３０年３月１３日（火）１４時～１６時３０分終了（入退場自由）</p>
<p>・場　所：厚生棟４階 ローズキッチンＢ（図書館棟側）</p>
<p>・服　装：普段着</p>
<p>・持ち物：筆記用具</p>
<p><a href="https://inside.teu.ac.jp/wp-content/uploads/2018/03/25db9645c46f95a2cf2855b0882d027a.pdf">3月13日開催_地元を知ろう説明相談会チラシ(Ver.01)</a></p>
]]></content:encoded>
			</item>
		<item>
		<title>平成 29年度 学位記授与式 学位記授与式 当日のスケジュールについて </title>
		<link>https://inside.teu.ac.jp/archives/30503/</link>
		<pubDate>Thu, 08 Mar 2018 02:51:04 +0000</pubDate>
		<dc:creator><![CDATA[田中淳子]]></dc:creator>
				<category><![CDATA[新着情報]]></category>
		<category><![CDATA[重要なお知らせ]]></category>

		<guid isPermaLink="false">https://inside.teu.ac.jp/?p=30503</guid>
		<description><![CDATA[]]></description>
				<content:encoded><![CDATA[]]></content:encoded>
			</item>
		<item>
		<title>【図書館】新着図書＜蒲田キャンパス＞</title>
		<link>https://inside.teu.ac.jp/archives/7982/</link>
		<pubDate>Wed, 07 Mar 2018 05:09:30 +0000</pubDate>
		<dc:creator><![CDATA[千手香織]]></dc:creator>
				<category><![CDATA[新着情報]]></category>

		<guid isPermaLink="false">https://inside.teu.ac.jp/?p=7982</guid>
		<description><![CDATA[図書館に新しく本が入りました。ぜひ図書館まで見に来てください。 また、医療系電子ブックを28冊追加しました。下のリンクから資料のリストを表示します。 貸出状況と配架場所は蔵書検索（OPAC）でご確認ください。 ２０１８年...]]></description>
				<content:encoded><![CDATA[<div class="area">
<div class="container">
<div class="container-body">
<p>図書館に新しく本が入りました。ぜひ図書館まで見に来てください。<br />
また、医療系電子ブックを28冊追加しました。下のリンクから資料のリストを表示します。</p>
<p>貸出状況と配架場所は<a href="https://library.teu.ac.jp/drupal/" target="_blank" rel="noopener noreferrer">蔵書検索（OPAC）</a>でご確認ください。<br />
<!-- 視聴覚資料は視聴覚資料コーナーに配架してあります。 --></p>
<p><b><a href="http://www.teu.ac.jp/lib/catalogue/7657/k_newest.html" target="_blank" rel="noopener noreferrer">２０１８年１・２月の新着図書</a></b><br />
<b><a href="http://www.teu.ac.jp/lib/eb/21764/ebooklibrary.html" target="_blank" rel="noopener noreferrer">電子ブック「eBookLibrary」</a>（新着和書に「JSSR認定トレーナーテキスト」、和書に”医療系コンテンツ２８冊”が追加されています。） </b></p>
<p><span style="color: #ff0000;"><b>図書館では、資料のリクエストを随時受け付けています！</b></span></p>
<p>図書や視聴覚資料など、図書館にない資料がありましたらリクエストしてください。<br />
詳しくは<a href="http://www.teu.ac.jp/lib/4257/004445.html" target="_blank" rel="noopener noreferrer">資料のリクエスト</a>のページをご覧ください。</p>
</div>
<p><!-- container-body --></p>
</div>
</div>
]]></content:encoded>
			</item>
		<item>
		<title>【図書館】新着図書＜八王子キャンパス＞</title>
		<link>https://inside.teu.ac.jp/archives/7974/</link>
		<pubDate>Wed, 07 Mar 2018 04:59:39 +0000</pubDate>
		<dc:creator><![CDATA[千手香織]]></dc:creator>
				<category><![CDATA[新着情報]]></category>

		<guid isPermaLink="false">https://inside.teu.ac.jp/?p=7974</guid>
		<description><![CDATA[図書館に新しく本が入りました。 下の日付をクリックすると本のリストを表示します。 新着図書は図書館４階入り口正面の新着図書コーナーに配架してあります。視聴覚資料は視聴覚資料コーナーに配架してあります。 本には、セカオワの...]]></description>
				<content:encoded><![CDATA[<table border="0" cellspacing="0" cellpadding="8">
<tbody>
<tr>
<td class="commexplanation">
<div class="container-body">
<p>図書館に新しく本が入りました。<br />
下の日付をクリックすると本のリストを表示します。<br />
新着図書は図書館４階入り口正面の新着図書コーナーに配架してあります。視聴覚資料は視聴覚資料コーナーに配架してあります。</p>
<p>本には、セカオワのSaori（藤崎彩織）著「ふたご」、視聴覚資料には、エマ・ワトソン主演の「美女と野獣」（Beauty and the Beast）が入荷しました。<br />
ぜひ図書館まで見に来てください。<br />
また、電子ブック（eBookLibrary）に、留学生向け「対訳ニッポン」シリーズや「OHM大学テキスト」シリーズなど32冊を追加しました。</p>
<p>貸出状況は<a href="https://library.teu.ac.jp/drupal/" target="_blank" rel="noopener noreferrer">OPAC</a>でご確認ください。<br />
配架場所は<a href="http://www.teu.ac.jp/lib/map/004482.html" target="_blank" rel="noopener noreferrer">館内マップ</a>でご確認ください。</p>
<p><b><a href="http://www.teu.ac.jp/lib/catalogue/7657/007648.html" target="_blank" rel="noopener noreferrer">２０１８年１・２月の新着図書</a></b><br />
<b><a href="http://www.teu.ac.jp/lib/eb/21764/ebook_wasyo_new.html" target="_blank" rel="noopener noreferrer">新着和書（eBookLibrary）</a></b></p>
<p><span style="color: #ff0000;"><b>図書館＜八王子キャンパス＞では、資料のリクエストを随時受け付けています！</b></span></p>
<p>図書や視聴覚資料など、図書館にない資料がありましたらリクエストしてください。<br />
詳しくは<a href="http://www.teu.ac.jp/lib/4257/004445.html" target="_blank" rel="noopener noreferrer">資料のリクエスト</a>のページをご覧ください。</p>
</div>
<p><!-- container-body --></td>
</tr>
</tbody>
</table>
<p>&nbsp;</p>
]]></content:encoded>
			</item>
		<item>
		<title>【図書館】電子ブック「eBookLibrary」に留学生向けの本など和書32冊を追加しました。</title>
		<link>https://inside.teu.ac.jp/archives/26688/</link>
		<pubDate>Wed, 07 Mar 2018 04:52:25 +0000</pubDate>
		<dc:creator><![CDATA[千手香織]]></dc:creator>
				<category><![CDATA[新着情報]]></category>

		<guid isPermaLink="false">https://inside.teu.ac.jp/?p=26688</guid>
		<description><![CDATA[電子ブック「eBookLibrary」に留学生向け「対訳ニッポン」シリーズや「OHM大学テキスト」シリーズなど32冊を追加しました。 ぜひご利用ください。 ・新着和書＜契約タイトル＞３２冊 ・eBookLibrary（電...]]></description>
				<content:encoded><![CDATA[<p>電子ブック「eBookLibrary」に留学生向け「対訳ニッポン」シリーズや「OHM大学テキスト」シリーズなど32冊を追加しました。<br />
ぜひご利用ください。</p>
<p><b>・<span style="font-size: 14pt;"><a href="http://www.teu.ac.jp/lib/eb/21764/ebook_wasyo_new.html" target="_blank" rel="noopener noreferrer"><b>新着和書＜契約タイトル＞３２冊</b></a></span></b></p>
<p><b>・<span style="font-size: 14pt;"><a href="http://www.teu.ac.jp/lib/eb/21764/ebooklibrary.html" target="_blank" rel="noopener noreferrer"><b>eBookLibrary（電子ブック）</b></a>のページ</span></b></p>
]]></content:encoded>
			</item>
		<item>
		<title>平成３０年度(平成３１年３月)卒業・修了予定の学部・大学院生の健康診断について</title>
		<link>https://inside.teu.ac.jp/archives/28959/</link>
		<pubDate>Tue, 06 Mar 2018 07:00:40 +0000</pubDate>
		<dc:creator><![CDATA[橋本文徳]]></dc:creator>
				<category><![CDATA[新着情報]]></category>

		<guid isPermaLink="false">https://inside.teu.ac.jp/?p=28959</guid>
		<description><![CDATA[（１）対象 平成３０年度(平成３１年３月)卒業・修了予定の学部・大学院生が対象です。 &#160; （２）スケジュール ★女子学生（学部生・大学院生共通） 受診時間 学部 3月6日（火） 3月7日（水） 3月8日（木） ...]]></description>
				<content:encoded><![CDATA[<p>（１）対象</p>
<p>平成３０年度(平成３１年３月)卒業・修了予定の学部・大学院生が対象です。</p>
<p>&nbsp;</p>
<p>（２）スケジュール</p>
<p>★女子学生（学部生・大学院生共通）</p>
<table style="width: 776px;">
<tbody>
<tr>
<td style="width: 94px;">受診時間</td>
<td style="width: 130px;">学部</td>
<td style="width: 191.97px;">3月6日（火）</td>
<td style="width: 158.02px;">3月7日（水）</td>
<td style="width: 144px;"><span style="font-family: verdana,geneva,sans-serif;">3月8日（木）</span></td>
</tr>
<tr>
<td style="width: 94px;" rowspan="5">9：00～10：00</td>
<td style="width: 130px;">応用生物</td>
<td style="width: 191.97px;">B0114***以前の学生</p>
<p>B0115001～B0115100</td>
<td style="width: 158.02px;">B0115101～B0115200</td>
<td style="width: 144px;">B0115201以降</td>
</tr>
<tr>
<td style="width: 130px;">コンピュータサイエンス</td>
<td style="width: 191.97px;">C0114***以前の学生</p>
<p>C0115001～C0115120</td>
<td style="width: 158.02px;">C0115121～C0115270</td>
<td style="width: 144px;">C0115271以降</td>
</tr>
<tr>
<td style="width: 130px;">メディア</td>
<td style="width: 191.97px;">M0114***以前の学生</p>
<p>M0115001～M0115130</td>
<td style="width: 158.02px;">M0115131～M0115260</td>
<td style="width: 144px;">M0115261以降</td>
</tr>
<tr>
<td style="width: 130px;">工</td>
<td style="width: 191.97px;">機械工学科</p>
<p>電気電子工学科</td>
<td style="width: 158.02px;">E7115001～E7115060</td>
<td style="width: 144px;">E7115061以降</td>
</tr>
<tr>
<td style="width: 130px;">大学院</td>
<td style="width: 191.97px;">ＭＳ専攻</td>
<td style="width: 158.02px;">ＣＳ・ＥＰ専攻</td>
<td style="width: 144px;">ＢＳ専攻</td>
</tr>
</tbody>
</table>
<p>&nbsp;</p>
<p>★男子学生（学部生・大学院生共通）</p>
<table>
<tbody>
<tr>
<td width="104">受診時間</td>
<td colspan="2" width="85">学部</td>
<td width="153">3月6日（火）</td>
<td width="153">3月7日（水）</td>
<td width="153">3月8日（木）</td>
</tr>
<tr>
<td width="104">10:00～10:20</td>
<td colspan="2" width="85">応用生物</td>
<td width="153">B0114***以前の学生</p>
<p>B0115001～B0115090</td>
<td width="153">B0115091～B0115200</td>
<td width="153">B0115201以降</td>
</tr>
<tr>
<td width="104">10:20～11:20</td>
<td colspan="2" width="85">コンピュータサイエンス</td>
<td width="153">C0114***以前の学生</p>
<p>C0115001～C0115080</td>
<td width="153">C0115081～C0115240</td>
<td width="153">C0115241以降</td>
</tr>
<tr>
<td width="104">11:20～12:00</td>
<td colspan="2" width="85">メディア</td>
<td width="153">M0114***以前の学生</p>
<p>M0115001～M0115090</td>
<td width="153">M0115091～M0115230</td>
<td width="153">M0115231以降</td>
</tr>
<tr>
<td width="104">12:00～12:40</td>
<td width="28">工</td>
<td width="57">(機械)</p>
<p>(電電)</p>
<p>(応化)</td>
<td width="153">E5115001～E5115050</p>
<p>E6115001～E6115050</p>
<p>E7115001～E7115020</td>
<td width="153">E5115051～E5115090</p>
<p>E6115051～E6115100</p>
<p>E7115021～E7115050</td>
<td width="153">E5115091以降</p>
<p>E6115101以降</p>
<p>E7115051以降</td>
</tr>
<tr>
<td width="104">12:40～13:00</td>
<td colspan="2" width="85">大学院</td>
<td width="153">ＢＳ専攻</td>
<td width="153">ＣＳ専攻</td>
<td width="153">ＭＳ・ＥＰ専攻</td>
</tr>
</tbody>
</table>
<p>※各自のスケジュール・体調等による受診日の変更は可能です（事前連絡不要）。</p>
<p>（３）受付場所</p>
<p>厚生棟３階</p>
<p>※受診時間内に終われるように、会場へ向かってください</p>
<p>&nbsp;</p>
<p>（４）受診に際しての注意</p>
<p>１．受診前日の夜および当日は甘味食品や、コーヒー・ジュース・酒類を控えること。</p>
<p>２．受信前日は、睡眠をよくとること</p>
<p>３．受診前の過激な運動は避けること</p>
<p>&nbsp;</p>
<p>（５）健康診断書の発行について</p>
<p>今回受診することにより、<u>異常が見られなかった場合のみ</u>、自動証明書発行機から健康診断書が発行できるようになります。発行開始は４月２日（月）を予定しています。</p>
<p><strong><span style="color: #ff0000;"><u>健康診断書の必要がなくても、必ず1度は、発行機に発行ボタンが表示されるか、確認をしてください。</u></span></strong></p>
<p>&nbsp;</p>
<p>（６）今回の健康診断を受診しなかった場合</p>
<p>次回の健康診断は３月２６日（月）・２７日（火）・２８日（水）・２９日（木）となり健康診断書の発行は５月に入ってからとなります。またこの期間に受診しなかった場合は相和会産業健診センターでの受診となり、予約日に関わらず、受診日が６月からの受診（申し込みが5月中であっても）は実費（約3,000円）となりますので、上記の日程で受診をしてください。</p>
]]></content:encoded>
			</item>
		<item>
		<title>【重要】マイクロソフトEESによる学生使用許諾証明書について(平成29年度卒業生対象)</title>
		<link>https://inside.teu.ac.jp/archives/30329/</link>
		<pubDate>Tue, 06 Mar 2018 05:20:30 +0000</pubDate>
		<dc:creator><![CDATA[新治大竹]]></dc:creator>
				<category><![CDATA[新着情報]]></category>
		<category><![CDATA[重要なお知らせ]]></category>

		<guid isPermaLink="false">https://inside.teu.ac.jp/?p=30329</guid>
		<description><![CDATA[平成30 年3 月6 日 法人本部ネットワークセンター 　本学では、日本マイクロソフト株式会社とEES(Enrollment for Education Solutions)契約を結んでいます。その利用期間は在学中に限ら...]]></description>
				<content:encoded><![CDATA[<p style="text-align: right;">平成30 年3 月6 日<br />
法人本部ネットワークセンター</p>
<div>
<div>　本学では、日本マイクロソフト株式会社と<span style="text-decoration: underline;">EES(Enrollment for Education Solutions)契約</span>を結んでいます。その利用期間は<span style="text-decoration: underline;">在学中</span>に限られています。</div>
<div>　<span style="text-decoration: underline;">EESによりインストールしたソフトウェアを卒業後に継続して利用するには、「学生使用許諾証明書」が必要</span>です。</div>
<div></div>
<div>
<p>　今年度卒業される方は、「<span style="text-decoration: underline;"><a href="https://inside.teu.ac.jp/wp-content/uploads/2018/03/student_license_confirmation29.pdf" target="_blank" rel="noopener noreferrer">学生使用許諾証明書</a></span>」(PDFファイル)をダウンロードして印刷後、<span style="text-decoration: underline;">「学生氏名」および「学生の学籍番号」を必ず手書きで記入</span>し、各自で大切に保管してください（<span style="text-decoration: underline;">3月20日(火)</span> までに行ってください）。</p>
<p>※ 学生使用許諾証明書が無い場合は、ソフトウェアの利用を続けることはできません。また、電子データによる保管はライセンス上認められておりませんので、<strong><span style="text-decoration: underline; color: #ff0000;">必ず紙で保管してください</span></strong>。</p>
</div>
<div>※ Microsoft Windows 8.1 Enterprise、Microsoft Windows 7 Enterprise 、Microsoft Office Professional Plus 2013、Microsoft Office Professional Plus 2010をご利用で学内ネットワークにて認証(KMS)を行っている場合には、卒業後に認証期間が過ぎますと使用できなくなりますのでご注意ください。</div>
<p>&nbsp;</p>
<div>対象商品：</div>
<div>Microsoft Windows 10 Education(アップグレード)<br />
Microsoft Windows 8.1 Enterprise(アップグレード)<br />
Microsoft Windows 7 Enterprise(アップグレード)</div>
</div>
<p>&nbsp;</p>
<div>Microsoft Office Professional Plus 2016</div>
<div>
<div>Microsoft Office Standard 2016 for Mac<br />
Microsoft Office Professional Plus 2013<br />
Microsoft Office Professional Plus 2010</div>
</div>
<p>&nbsp;</p>
<div>Microsoft Visual Studio 2017 Professional<br />
Microsoft Visual Studio 2015 Professional<br />
Microsoft Visual Studio 2013 Professional<br />
Microsoft Visual Studio 2012 Professional<br />
Microsoft Visual Studio 2010 Professional<br />
Microsoft Visual Studio 2008 Professional</div>
<p>&nbsp;</p>
<div>Microsoft Core Client Access License(Core CAL）</div>
<p>&nbsp;</p>
<div></div>
<div></div>
<div style="text-align: right;">以上</div>
<p>&nbsp;</p>
<div>
<div>
<div style="text-align: right;">掲載日：平成30年3月6日（火）<br />
掲載期限：平成30年3月20日(火）<br />
担当部署：法人本部ネットワークセンター</div>
</div>
</div>
]]></content:encoded>
			</item>
		<item>
		<title>H30年度　新年度ガイダンスについて（2/13更新）</title>
		<link>https://inside.teu.ac.jp/archives/27585/</link>
		<pubDate>Tue, 06 Mar 2018 01:30:58 +0000</pubDate>
		<dc:creator><![CDATA[田中淳子]]></dc:creator>
				<category><![CDATA[新着情報]]></category>

		<guid isPermaLink="false">https://inside.teu.ac.jp/?p=27585</guid>
		<description><![CDATA[]]></description>
				<content:encoded><![CDATA[]]></content:encoded>
			</item>
	</channel>
</rss>
